102#102
105#105
1012-98#1012-98
25629-3#25629-3
46A65#46A65
A12DHd#A12DHd
Abaco#Abaco
Aberdeen#Aberdeenshire Prize
Aberdeenshire Prize#Aberdeenshire Prize
Ability#Ability
Abukuma#Abukuma Natane
ABUKUMA NATANE#Abukuma Natane
AC582#AC582
ACS DH12075#ACS DH12075
ACS N00-C3089#ACS N00-C3089
ACS N01#ACS N01
ACS N01-C011#ACS N01-C011
ACS N01-C102#ACS N01-C102
ACS N01-C113#ACS N01-C113
ACS N05-C491#ACS N05-C491
ACS N07-C053#ACS N07-C053
ACS N07-C090#ACS N07-C090
ACS N07-C1373#ACS N07-C1373
ACS N07-C1374#ACS N07-C1374
ACS N08#ACS N08
ACS N12#ACS N12
ACS N14#ACS N14
ACS N16#ACS N16
ACS N17#ACS N17
ACS N18#ACS N18
ACS N21#ACS N21
ACS N22#ACS N22
ACS N28#ACS N28
ACS N39#ACS N39
ACS N40#ACS N40
ACS N44#ACS N44
ACS N45#ACS N45
ACS N47#ACS N47
ACS N48#ACS N48
ACS N89-C239#ACS N89-C239
ACS Rsyn 1-43#ACS Rsyn 1-43
ACS Rsyn1#ACS Rsyn1
ACS Rsyn2-11#ACS Rsyn2-11
ACS YN-DH27285#ACS YN-DH27285
ACS YN01-C429#ACS YN01-C429
ACS YN03-C634#ACS YN03-C634
ACS YN03-C652#ACS YN03-C652
ACS YN03-C656#ACS YN03-C656
ACS YN06-C0846#ACS YN06-C0846
ACS YN07-C1383#ACS YN07-C1383
ACS YN07-C1384#ACS YN07-C1384
ACS YN90-C1016#ACS YN90-C1016
ACS YN94-C9306#ACS YN94-C9306
ACS YN95-C9392#ACS YN95-C9392
ACS YN9592#ACS YN9592
ACS YN97-C262#ACS YN97-C262
ACS-N04#ACS-N04
Adamo#Adamo
Adder#Adder
Agalon#Agalon
Akela#Akela
Akela S2OP#Akela
Alaska#Alaska
Alesi#Alesi
Alku#Alku
Allure#Allure
Altasweet#Altasweet
Altasweet S1#Altasweet
Altex#Altex
Alyssum -Sweet White#Alyssum -Sweet White
Alyssum- Snow Crystal#Alyssum- Snow Crystal
AMBER X COMMANCHE DH LINE#Amber x Commanche
AmbxCom#Amber x Commanche
Amor#Amor
Andor#Andor
Angus#Angus
Angus S1#Angus
Anja#Anja
Ap8308110106#Ap8308110106
AP8308180101#AP8308180101
AP8308180101 S2#AP8308180101
Apex#Apex
APEX DH1#Apex
Apex x Gin#Apex x Ginyou
APEX-93_5 X GINYOU_3 DH LINE#Apex-93 S5 x Ginyou S3
APEX-93_5 X GINYOU_3 DH LINE#Apex-93 S5 x Ginyou S3
Aphid Resistant Rape#Aphid Resistant Rape
Aragon#Aragon
Argentine#Argentine
Ascona#Ascona
Askari#Askari
ASPARAGUS KALE#Asparagus Kale
Asparagus Kale S2OP#Asparagus Kale
Astor#Astor
Atlantic#Atlantic
Aurora#Aurora
Aurum#Aurum
Aviso#Aviso
B104-2#B104-2
Balmoral PT#Balmoral PT
Baltia#Baltia
BALTIA#Baltia
Baltia S1#Baltia
Bangholm PT#Bangholm PT
Baros#Baros
Barrel#Barrel
Beluga#Beluga
Best of All#Best of All
Best of All S1#Best of All
Bienvenu#Bienvenu
BIENVENU DH4#Bienvenu
Binera#Binera
Bingo#Bingo
Bladkool#Bladkool
BLUE SIBERIAN#Blue siberian
Boerenkool#Boerenkool
Bolko#Bolko
Boston#Boston
Brandhaug#Brandhaug
Brauner Schnit#Brauner Schnittkohl
BRAUNER SCHNITTKOHL#Brauner Schnittkohl
Brauner Schnittkohl S2OP#Brauner Schnittkohl
Brendbergli#Brendbergli
Brink#Brink
BRISTOL#Bristol
Britannia#Britannia
BRO-030#BRO-030
Broccoli raab/Turnip Broccoli-'San Marzano'#Broccoli raab/Turnip Broccoli-'San Marzano'
Broccoli- Kaileaan Chinese Stem#Broccoli- Kaileaan Chinese Stem
Broccoli-Purple Sprouting 'Red Spear'#Broccoli-Purple Sprouting 'Red Spear'
Broccoli-Purple Sprouting 'Summer Purple'#Broccoli-Purple Sprouting 'Summer Purple'
Bronowski#Bronowski
BRONOWSKI DH1#Bronowski
BRONZE TOP#Bronze Top
Bronze-535#Bronze-535
Brussels Sprouts -'Seven Hills'#Brussels Sprouts -'Seven Hills'
Brussels Sprouts-'Bedford'#Brussels Sprouts-'Bedford'
Brussels Sprouts-'Falstaff'#Brussels Sprouts-'Falstaff'
Brussels Sprouts-'Roodnerf'#Brussels Sprouts-'Roodnerf'
Brussels Sprouts-'Sandra'#Brussels Sprouts-'Sandra'
BRUTOR#Brutor
Brutor DH1#Brutor
Bry x Fort#Bryan x Fortress
BRYAN x FORTRESS DH LINE#Bryan x Fortress
BRYAN x FORTRESS DH LINE#Bryan x fortress
CA25#CA25
Cabbage- Berja Tree Cabbage-'Paul & Beckys'#Cabbage- Berja Tree Cabbage-'Paul & Beckys'
Cabbage-Jersey Wakefield'#Cabbage-'Jersey Wakefield'
Cabbage-Wheelers Imperial'#Cabbage-'Wheelers Imperial'
Cabernet#Cabernet
Cabriolet#Cabriolet
Cal18b#Cal8b
Callypso#Callypso
Campari#Campari
Campino#Campino
CANARD#Canard
Canard DH13#Canard
CANBERRA#Canberra
CANBERRA x COURAGE DH LINE#Canberra x Courage
Candytuft-'Crenata'#Candytuft-'Crenata'
CanxCou#Canberra x Courage
Cap x Moh#Capitol x Mohican
Capitol#Capitol
CAPITOL x MOHICAN DH LINE#Capitol x Mohican
CAPRICORN#Capricorn
Capricorn#Capricorn
Caramba#Caramba
Castille#Castille
Catana#Catana
Cauliflower-'Large Romanseco Spring cauliflower Saint Joseph#Cauliflower-Large Romanseco Spring cauliflower 'Saint Joseph'
Cauliflower-'Ottobrino Autumn Romanesco'#Cauliflower-'Ottobrino Autumn Romanesco'
Cauliflower-Green Autumn 'Verde Marchigiano'#Cauliflower-Green Autumn 'Verde Marchigiano'
Cauliflower-Purple Autumn 'Sicilia Violetto'#Cauliflower-Purple Autumn 'Sicilia Violetto'
CC-050#CC-050
CC-056V#CC-056V
CC-057V#CC-057V
CC-059#CC-059
CC-061#CC-061
CC-072#CC-072
CC-094#CC-094
CC-114#CC-114
CC-131V#CC-131V
CC-139V#CC-139V
CC-140#CC-140
CC-156#CC-156
CC-160#CC-160
CC-168#CC-168
CC-247V#CC-247V
CC-285#CC-285
CC-HN53#CC-HN53
CC-HN54#CC-HN54
CC-Hnp2#CC-Hnp 2
CC-Xa642#CC-Xa642
CC127V#CC127V
Ceres#Ceres
Ceska#Ceska
CESKA#Ceska
Ceska Krajova#Ceska Krajova
CGN07224#Cgn07224
Charger#Charger
CHEMBERE DZAGUMHANA#Chembere Dzagumhana
Chembere Dzagumhana S2OP#Chembere Dzagumhana
CHIIFU-402#CHIIFU-402
Chinese flowering shoot-'Green Day eighty'#Chinese flowering shoot-'Green Day eighty'
Chinese flowering shoot-'Vegetable Red Stem Wecome Tsai Tai#Chinese flowering shoot-Vegetable Red Stem 'Wecome Tsai Tai'
Chinese Salad Cabbage-'Bekano'#Chinese Salad Cabbage-'Bekano'
Chuanyou 2#Chuanyou 2
Chuosenshu#Chuosenshu
CHUOSENSHU#Chousenshu
Chuosenshu S1#Chousenshu
Clipper#Clipper
CLUBROOT RESISTANT#Clubroot resistant
CLUBROT RESISTANT#Clubroot resistant
Clubrot Resistant S1#Clubroot resistant
Cobra#Cobra
COLUMBUS X NICKEL DH LINE#Columbus x Nickel
COLUMBUS X NICKEL DH LINE#Columbus x Nickel
ColxNick#Columbus X Nickel
COMET#Comet
Comet S1#Comet
Compass#Compass
Concord#Concord
Conny#Conny
Conqueror#Conqueror
Conqueror Bronze Green Top#Conqueror Bronze Green Top
Conqueror Bronze Green Top S1#Conqueror Bronze Green Top
Contact#Contact
Cooper#Cooper
Cor12b#Cor12b
Coriander#Coriander
Couve#Couve Nabica
COUVE NABICA#Couve Nabica
Couve Nabica DH2#Couve Nabica
Cracker-531#Cracker-531
CRESOR#Cresor
Cresor S1#
CUBS ROOT#Cubs Root
Cuillin#Cuillin
CX-058#CX-058
Czyzowska#Czyzowska
Daichousen (fuku)#Daichousen (fuku)
Daichousen (mizuyasu)#Daichousen (mizuyasu)
Daichousen (nakano)#Daichousen (nakano)
DALA TRIFOLIUM#Dala trifolium
Dalo Trifolium#Dalo Trifolium
Darmor#Darmor
Devon Champ#Devon Champion
Devon Champion#Devon Champion
Diamant#Diamant
Dimension#Dimension
Dippes#Dippes
DK Cabernet#DK Cabernet
Doral#Doral
Drakkar#Drakkar
Drummonds Purple Top#Drummonds Purple Top
Drummonds Purple Top S1#Drummonds Purple Top
DTN-3#DTN-3
Du Brassus#Du Brassus
Duell#Duell
Duplo#Duplo
DUX#Dux
Dwarf Essex#Dwarf Essex
E94197#E94197
Edita#Edita
Eiffel#Eiffel
Elgar#Elgar
EMERALD#Emerald
English Giant#English Giant
English Giant S1#English Giant
Erake#Erake
ERGLU#Erglu
Erox#Erox
Erra#Erra
ES Betty#ES Betty
Escort#Escort
Essex Mod#Essex Model
Essex Model#Essex Model
Eurol S1#Eurol
EVVIN#Evvin
Expert#Expert
Express 617#Express 617
EYOU CHANGJIA#Eyou Changjia
Falcon#Falcon
Falstaff#Falstaff
FD502#FD502
Fido#Fido
Fido DH6#Fido
Flash#Flash
Flip#Flip
FORA#Fora
Fortin Fam#Fortin Family
FORTIN FAMILY#Fortin Family
Fortin Family S2#Fortin Family
Fortis#Fortis
FT-005#FT-005
FT-097#FT-097
Furax#Furax
Futura#Futura
Galant#Galant
GDDH33#GDDH33
Gefion#Gefion
GG Snijmoes#GG Snijmoes
Giant Xr707#Giant Xr707
Gisora#Gisora
GLOBAL#Global
GLOBAL#Global
Global DH1#Global
Gogatsuna#Gogatsuna
GRæNER SCHNITTKOHL#Grüner Schnittkohl
Granit#Granit
Grizzly#Grizzly
GROENE GRONINGER SNIJMOES#Groene Groninger Snijmoes
Gross-Luesewitzer#Gross Luesewitzer
GRÜNER SCHNITTKOHL#Grüner Schnittkohl
G™lzower Älquell#Gülzower Ölquell
GUELZOWER#Gülzower
Guelzower DH1#Gülzower
Gulle#Gulle
Gulliver#Gulliver
Gülzower Ölquell#Gülzower Ölquell
HAKURAN#Hakuran
Han x Gas#Hansen x Gaspard
Hankkija's Lauri#Hankkija's Lauri
HANNA#Hanna
Hanna S1#Hanna
HANSEN X GASPARD DH LINE#Hansen x Gaspard
Harper#Harper
Harrietfield#Harrietfield
HELIOS#Helios
HERMES#Hermes
Hermes S1#Hermes
HEROS#Heros
Hesperis Montralis#Hesperis Montralis
Hesperis Montralis -'Alba'#Hesperis Montralis -'Alba'
Hiyauchina#Hiyauchina
Hokkai 3#Hokkai 3
Hokkai 3-Go#Hokkai 3-Go
Hollandse Gele Roodkop#Hollandse Gele Roodkop
Hon Tsai Tai-Purple Sprouting Greens#Hon Tsai Tai-Purple Sprouting Greens
HRIGRU000250 S1#HRIGRU000250
HRIGRU000250 S1#HRIGRU000250
HRIGRU000408 S1#HRIGRU000408
HRIGRU000523 S2#HRIGRU000523
HRIGRU002227 S1#HRIGRU002227
HRIGRU002400 DH1#HRIGRU002400
HRIGRU002401 DH1#HRIGRU002401
HRIGRU002574 S2#HRIGRU002574
HRIGRU002683 S2#HRIGRU002683
HRIGRU002891 DH1#HRIGRU002891
HRIGRU003575 DH1#HRIGRU003575
HRIGRU003591 DH1#HRIGRU003591
HRIGRU003595 DH1#HRIGRU003595
HRIGRU003598 S1#HRIGRU003598
HRIGRU004293 DH1#HRIGRU004293
HRIGRU004607 DH1#HRIGRU004607
HRIGRU004701 DH1#HRIGRU004701
HRIGRU004705 DH1#HRIGRU004705
HRIGRU004707 DH1#HRIGRU004707
HRIGRU004708 DH1#HRIGRU004708
HRIGRU004709 DH1#HRIGRU004709
HRIGRU004710 DH1#HRIGRU004710
HRIGRU004717 DH1#HRIGRU004717
HRIGRU004773 S1#HRIGRU004773
HRIGRU004785 DH1#HRIGRU004785
HRIGRU004818 DH1#HRIGRU004818
HRIGRU004846 DH1#HRIGRU004846
HRIGRU004854 DH5#HRIGRU004854
HRIGRU004858 DH1#HRIGRU004858
HRIGRU004861 DH2#HRIGRU004861
HRIGRU004863 DH1#HRIGRU004863
HRIGRU004864 DH1#HRIGRU004864
HRIGRU004872 DH2#HRIGRU004872
HRIGRU004885 DH2#HRIGRU004885
HRIGRU004886 DH6#HRIGRU004886
HRIGRU005108 DH2#HRIGRU005108
HRIGRU005259 DH1#HRIGRU005259
HRIGRU005281 DH1#HRIGRU005281
HRIGRU005282 DH1#HRIGRU005282
HRIGRU005295 DH6#HRIGRU005295
HRIGRU005312 DH1#HRIGRU005312
HRIGRU005364 DH1#HRIGRU005364
HRIGRU005389 DH3#HRIGRU005389
HRIGRU005429 DH1#HRIGRU005429
HRIGRU005430 DH1#HRIGRU005430
HRIGRU005443 S1#HRIGRU005443
HRIGRU005557 DH6#HRIGRU005557
HRIGRU005611 DH1#HRIGRU005611
HRIGRU005652 DH1#HRIGRU005652
HRIGRU006210 S2#HRIGRU006210
HRIGRU006318 DH1#HRIGRU006318
HRIGRU006556 DH1#HRIGRU006556
HRIGRU006630 DH1#HRIGRU006630
HRIGRU006797 DH5#HRIGRU006797
HRIGRU006852 S1#HRIGRU006852
HRIGRU007378 S2#HRIGRU007378
HRIGRU007474 DH1#HRIGRU007474
HRIGRU007514 DH3#HRIGRU007514
HRIGRU007517 DH1#HRIGRU007517
HRIGRU007518 DH1#HRIGRU007518
HRIGRU007543 DH5#HRIGRU007543
HRIGRU007544 DH1#HRIGRU007544
HRIGRU007799 DH1#HRIGRU007799
HRIGRU007826 DH1#HRIGRU007826
HRIGRU007833 S2#HRIGRU007833
HRIGRU008202 DH2#HRIGRU008202
HRIGRU008226 S1#HRIGRU008226
HRIGRU008265 DH1#HRIGRU008265
HRIGRU008266 DH1#HRIGRU008266
HRIGRU008267 DH2#HRIGRU008267
HRIGRU008355 S2#HRIGRU008355
HRIGRU008567 DH1#HRIGRU008567
HRIGRU008571 DH1#HRIGRU008571
HRIGRU008658 DH1#HRIGRU008658
HRIGRU008732 DH1#HRIGRU008732
HRIGRU009490#HRIGRU009490
HRIGRU009617 DH3#HRIGRU009617
HRIGRU009845 DH7#HRIGRU009845
HRIGRU009846 DH4#HRIGRU009846
HRIGRU009928 S2#HRIGRU009928
HRIGRU010772 DH1#HRIGRU010772
HRIGRU011446 DH8#HRIGRU011446
HRIGRU011490 S1#HRIGRU011490
HRIGRU011615 S1#HRIGRU011615
HRIGRU011729 DH2#HRIGRU011729
HRIGRU011800 DH2#HRIGRU011800
HRIGRU011801 DH1#HRIGRU011801
HRIGRU011802 DH3#HRIGRU011802
HRIGRU011803 DH1#HRIGRU011803
HRIGRU011804 DH1#HRIGRU011804
HRIGRU012478 S2#HRIGRU012478
HRIGRU013023 DH1#HRIGRU013023
HUASHUANG 5#Huashuang 5
HUGUENOT#Huguenot
Hur x Nav#Huron x Navajo
Huron x Navajo#Huron x Navajo
HURON X NAVAJO (UK) DH LINE#Huron x Navajo (uk)
Idol#Idol
Inca x Con#Inca x Contact
Inca x Contact#Inca x Contact
INCA X CONTACT DH LINE#Inca x Contact
Incentive#Incentive
INDUSTRY#Industry
Industry S1#Industry
Janetz#Janetzkis Schlesischer
JANETZKIS SCHLESISCHER#Janetzkis Schlesischer
Janetzkis Sommerraps#Janetzkis Sommerraps
Janpol#Janpol
Jantar#Jantar
Japanese flowering shoot-Leaf green Tsoi Sim#
Jaune#Jaune a Collet Vert
JAUNE A COLLET VERT#Jaune a Collet Vert
Jaune Beurre#Jaune Beurre
Jessica#Jessica
Jet Neuf#Jet Neuf
Jet Neuf S1#Jet Neuf
JetNeuf#Jet Neuf
JUDZAE#Judzae
Judzae S1#Judzae
Jumbo#Jumbo
Jupiter#Jupiter
K26-96#K26-96
K615#K615
Kajsa#Kajsa
Kale Palm kale -'East Friesian#Kale Palm kale -'East Friesian'
Kale- 'True Siberian'#Kale- 'True Siberian'
Kale- Russian Red Kale 'Urse'#Kale- Russian Red Kale 'Urse'
Kale-'Nero di Toscana'#Kale-'Nero di Toscana'
Kale-'Palmizio Senza Testa'#Kale-'Palmizio Senza Testa'
Kale-'Rossignal'#Kale-'Rossignal'
Kale-'Scarlet'#Kale-'Scarlet'
Kale-'Sutherland'#Kale-'Sutherland'
Kale-'Walking Stick'#Kale-'Walking Stick'
Kale-Dwarf Green Curled#Kale-Dwarf Green Curled
Kalfafellsrofa#Kalfafellsrofa
KALFAFELLSROFA#Kalfafellsrofa
Kalfafellsrofa S1#Kalfafellsrofa
KARAT#Karat
Karat S1#Karat
KAROO-057DH#Karoo-057
KAVLA PODZEMNA RUMENA MASLENA#Kavla podzemna rumena maslena
KENSHIN-402#KENSHIN-402
KOHALIK SININE#Kohalik Sinine
Kohalik Sinine S1#Kohalik Sinine
Kohl Rabi-'Blue Azur'#Kohl Rabi-'Blue Azur'
KOM-130#KOM-130
Komatsuna-'Japanese Green'#Komatsuna-'Japanese Green'
Korall#Korall
Korinth#Korinth
Kosa#Kosa
Krapphauser#Krapphauser
KRAPPHAUSER#Krapphauser
KROKO#Kroko
Kromer#Kromerska
Kromerska#Kromerska
Kruglik#Kruglik
KUBANSKIJ#Kubansku
Kvintett#Kvintett
KW 1519#KW1519
KW1519#KW1519
Ladoga#Ladoga
Larissa#Larissa
Laser#Laser
Laugabolsrofa#Laugabolsrofa
Laugabolsrofa S1#Laugabolsrofa
Lembkes#Lembkes Malchower (Leonora)
LEMBKES MALCHOWER (LENORA)#Lembkes Malchower (Leonora)
Leonessa#Leonessa
Leopard#Leopard
Lesira#Lesira
Lesira S1#Lesira
Librador#Librador
Libritta#Libritta
Libritta S2#Libritta
Lic x Exp#Licrown x Express
Licapo#Licapo
LICROWN X EXPRESS DH LINE#Licrown x Express
Liglory#Liglory
Liho#Liho
Liho S2OP#Liho
Lilian#Lilian
Line#Line
LINETTA#Linetta
Lion#Lion
Lioness#Lioness
Lipid#Lipid
Liporta#Liporta
Lipton#Lipton
Lirabon#Lirabon
Lirafit#Lirafit
Lirafox#Lirafox
Liragrôn#Liragrün
Liragrün#Liragrün
Lirajet#Lirajet
Lirakotta#Lirakotta
Lirasol#Lirasol
Liraspa#Liraspa
Lirawell#Lirawell
Lisabeth#Lisabeth
Lisandra#Lisandra
Lisek#Lisek
Loras#Loras
Lord#Lord
LORD DERBY#Lord Derby
Lord Derby S1#Lord Derby
Lorenz#Lorenz
LSF 0519#LSF 0519
LYSIDE#Lyside
Mad x Rec#Madrigal x Recital
Madora#Madora
Madrigal#Madrigal
MADRIGAL x RECITAL DH LINE#Madrigal x Recital
Magma#Magma
Magnificent#Magnificent
Magnum#Magnum
Magres Pajberg#Magres Pajberg
Major#Major
MAJOR DH#Major
MALCHUDO#Malchudo
Mali#Mali
Manitoba#Manitoba
Mansholt#Mansholt
MANSHOLTS HAMBURGER RAPS#Mansholts Hamburger Raps
Mansholts Hamburger raps S1#Mansholts Hamburger Raps
Maplus#Maplus
MarDH34#MarDH34
MARINKA#Marinka
Marinka S1#Marinka
Maris Haplona#Maris Haplona
Markus#Markus
Marnoo#Marnoo
Masora#Masora
Matador#Matador
Matador S1OP#Matador
MAZOWIECKI#Mazowiecki
Mestnij#Mestnij
Mibuna-Oriental Greens#Mibuna-Oriental Greens
Michinaku natane#Michinaku Natane
Michino#Michinoko
Michinoko S2#Michinoko
Midas#Midas
Milena#Milena
Missouri#Missouri
Miyauchi Na#Miyauchi Na
MIZ-019#MIZ-019
Mizuna- Early Mizuna Oreintal Greens#Mizuna- Early Mizuna Oreintal Greens
Mizuna-Red#Mizuna-Red
Mlochowski#Mlochowski
MOANA, MOANA RAPE#Moana, Moana Rape
Moana, Moana rape DH1#Moana, Moana Rape
Mohican#Mohican
Moldav#Moldavia
Moldavia#Moldavia
Moana#Moana, Moana Rape
Montego#Montego
Monty#Monty
MONTY-028DH#Monty-028
Mozart#Mozart
Multum#Multum
Musette#Musette
Mynickij#Mynickij
Mytnickij S1#Mynickij
N01D-1330#N01D-1330
N02D-1952#N02D-1952
Nakate Chousen#Nakate Chousen
NEJMOST#Nejmost
Nemertschanskij 1#Nemertschanskij 1
NEMERTSCHANSKIJ 1 S2#Nemertschanskij 1
NEVIN#Nevin
New Hakuran#New Hakuran
New Hakuran S1#New Hakuran
NG-264V#NG-264V
NG-372#NG-372
NIKLAS#Niklas
Niklas S1#Niklas
Ningyou 7#Ningyou 7
NK Bravour#NK Bravour
NK Fair#NK Fair
NK Nemax#NK Nemax
NK Passion#NK Passion
Norde#Norde
NORIN#Norin
Nosovskij 9#Nosovskij 9
Nugget#Nugget
Nugget S1#Nugget
Nunsdale#Nunsdale
OASE#Oase
Odin#Odin
Olga#Olga
Olga S1#Olga
OLIMPIADE#Olimpiade
Olivia#Olivia
Omega#Omega
Ontario#Ontario
Optima#Optima
OR-213#OR-213
OR-218#OR-218
Orlando#Orlando
Oro#Oro
Oro S1#Oro
Orpal#Orpal
Orriba#Orriba
Pacific#Pacific
Pak Choi-'Green Boy'#Pak Choi-'Green Boy'
Pak Choi-'Yellow Santoh' Round leaves#Pak Choi-'Yellow Santoh' Round leaves
Pak Choi-White Stem /Tai Sai#Pak Choi-White Stem /Tai Sai
Palmedor#Palmedor
Palu#Palu
Panter#Panter
Parapluie#Parapluie
Parkside#Parkside
Pauline#Pauline
PC-023#PC-023
PC-078#PC-078
PC-101#PC-101
PC-106V#PC-106V
PC-175#PC-175
PC-183#PC-183
PC-184#PC-184
PC-185#PC-185
PC-214V#PC-214V
PC-GLU24#PC-GLU24
Peerless (Acme)#Peerless (Acme)
Pera#Pera
PETRANOVA#Petranova
Petranova S1#Petranova
Phil#Phil
PI169083#Pl169083
PI271452#PI271452
Piana degli Albanesi#Piana degli Albanesi
Picasso#Picasso
Picto#Picto
PIKE#Pike
Pirola#Pirola
Pivot#Pivot
Pobeda#Pobeda
POH 285#POH 285
POH 285, Bolko#Poh 285, Bolko
Pollen#Pollen
Popular#Popular
PR-45-D01#PR-45-D01
PR45D01#PR-45-D01
PR46W21#PR-46-W21
PRIMOR#Primor
Primor S1OP#Primor
Prince#Prince
Profit#Profit
PT211#PT211
Puma#Puma
Pura#Pura
PURPLE NAPINI#Purple Napini
Purple Top#Purple Top
Q100#Q100
Q2#Q2
Quantum#Quantum
Quartz#Quartz
Quedlinburger Platzfester#Quedlinburger Platzfester
Quinta#Quinta
R53#R53
Radish- 'Sicily Giant'#Radish- 'Sicily Giant'
Radish-'China Rose@#Radish-'China Rose@
Radish-'Polenza'#Radish-'Polenza'
Radish-'Ravanello/Radish II Candela Di Fuoco'#Radish-'Ravanello/Radish II Candela Di Fuoco'
Radish-Breakfast Radish 'Red Top'#Radish-Breakfast Radish 'Red Top'
Radish-Winter 'Wiener Runder Kohlcharzer'#Radish-Winter 'Wiener Runder Kohlcharzer'
Rafal#Rafal
RAFAL DH1#Rafal
RAGGED JACK#Ragged Jack
Ragged Jack S1#Ragged Jack
Ramses#Ramses
Ranakaalrot#Ranakaalrot
Rapid#Rapid
RAPID CYCLING RAPE (CrGC5-1)#Rapid Cycling Rape (CrGC5-1)
RAPID CYCLING RAPE (CrGC5)#Rapid Cycling Rape (CrGC5)
Rapol#Rapol
Rasmus#Rasmus
Recital#Recital
RED RUSSIAN#Red Russian
Red Russian S2#Red Russian
Reform#Reform
Regent#Regent
Regina#Regina
Regina II#Regina II
Remy#Remy
Reston#Reston
Resyn-G_ H226#Resyn-Gö H226
Resyn-G_ S4#Resyn-Gö
Resyn-Gö H226#Resyn-Gö H226
Resyn-Gö S4#Resyn-Gö
RESYN-H048#Resyn-H048
Rivette#Rivette
Robust#Robust
Roc x Liz#Rocket x Lizard
Rocket#Rocket
Rocket -'Sweet Oakleaf'#Rocket -'Sweet Oakleaf'
Rocket (pst) x Lizard#Rocket (pst) x Lizard
ROCKET (PST) X LIZARD DH LINE#Rocket (pst) x lizard
Rocket-(Herb Rocket) -'Apollo'#Rocket-(Herb Rocket) -'Apollo'
Rocket-(Herb Rocket) -'Sky Rocket'#Rocket-(Herb Rocket) -'Sky Rocket'
Rodeo#Rodeo
Rotabaggeue#Rotabaggeue
Roxet#Roxet
Royal#Royal
Rsio#Rsio
ru 85.06#ru 85.06
Rucabo#Rucabo
RUSSIAN KALE#Russian Kale
RUSSIAN KALE#Russian kale
Sabine#Sabine
Samo#Samo
Samour#Samourai
Samourai#Samourai
Sansibar#Sansibar
Sarepta#Sarepta
Sator Oetofte#Sator Oetofte
Savannah#Savannah
Scotia#Scotia
Sedo#Sedo
Senna#Senna
Sensation# Sensation NZ
SENSATION NZ#Sensation NZ
Sequoia#Sequoia
Sesame#Sesame
Shang-U#Shang-You
SHANG-YOU#Shang-You
SHANNON x WINNER DH LINE#Shannon x Winner
ShanxWin#Shannon x Winner
Shen-Li#Shen-Li Jutsaj
SHEN-LI JUTSAJ#Shen-Li Jutsaj
Shen-Li Jutsaj S2OP#Shen-Li Jutsaj
Shengliyoucai#Shengliyoucai
Sho5a#Sho5a
SIBERISCHE BOERENKOOL#Siberische Boerenkool
Siberische Boerenkool S1#Siberische Boerenkool
Silona#Silona
Sir5a#Sir5a
Skrzeszowicki#Skrzeszowicki
Skziverskij#Skziverskij
Slapska#Slapska, Slapy
SLAPSKA, SLAPY#Slapska, Slapy
SLAPSKA, SLAPY S1#Slapska, Slapy
SLM 0413#SLM 0413
SLM 0512#SLM 0512
Slovens#Slovenska Krajova
Slovenska Krajova#Slovenska Krajova
Smart#Smart
Sobotkowski#Sobotkowski
Sollux#Sollux
Sonnengold#Sonnengold
Sophia#Sophia
Spaeths Zollerngold#Spaeths Zollerngold
Sprint#Sprint
Start#Start
Stellar#Stellar
STELLAR DH#Stellar
Stock-'Apple Blossom'#Stock-'Apple Blossom'
Stock-'Night Scented'#Stock-'Night Scented'
Suigenshu#Suigenshu
SUN#Sun
Sur186a#Sur186a
SURPASS400-024DH#Surpass400-024
Sv 705152#Sv 705152
Sv 706118#Sv 706118
Sv 716#Sv 716
Sv 75716#Sv 75716
Sval_f_x0090_s Gulle#Svalöf’s Gulle
Svalöf’s Gulle#Svalöf’s Gulle
SW Sinatra#SW Sinatra
SWGospel#SW Gospel
SWU Chinese 1#SWU Chinese 1
SWU Chinese 2#SWU Chinese 2
SWU Chinese 3#SWU Chinese 3
SWU Chinese 5#SWU Chinese 5
SWU Chinese 6#SWU Chinese 6
SWU Chinese 7#SWU Chinese 7
SWU Chinese 8#SWU Chinese 8
SWU Chinese 9#SWU Chinese 9
SY Harnas#SY Harnas
Taisetsu#Taisetsu
TAIWAN#Taiwan
Tanka#Tanka
Tankard Bronze Top#Tankard Bronze Top
TANTAL#Tantal
Tapidor#Tapidor
TAPIDOR DH#Tapidor
TAPIDOR_ADAS#TAPIDOR_ADAS
TAPIDOR_DH#Tapidor
TARGET#Target
Target S1#Target
Temple#Temple
Tenor#Tenor
Teq x Ara#Tequilla x Aragon
TEQUILLA x ARAGON DH LINE#Tequilla x Aragon
The Bell#The Bell
Tina#Tina
Tina S1#Tina
Tipperary (Magnificent)#Tipperary (Magnificent)
TIRA#Tira
Tira S1#Tira
TN145#TN145
TN172#TN172
TNDH 117#TNDH117
TNDH 123#TNDH123
TNDH 142#TNDH142
TO1000DH3#TO1000
Tocatta#Tocatta
Topas#Topas
TOPAS DH#Topas
Topas S1#Topas
Toro#Toro
Tower#Tower
Tower S1#Tower
Trebicska#Trebicska
TREBICSKA#Trebicska
Trebicska S2#Trebicska
Tribune#Tribune
Tribute#Tribute
Trigold#Trigold
Trinity#Trinity
Triton#Triton
Troendersk Kvithamar#Troendersk Kvithamar
Troy#Troy
Turnip-' Early Milan White 40 Degree'#Turnip-' Early Milan White 40 Degree'
Turnip-'Atlantic'#Turnip-'Atlantic'
Turnip-'Manchester Market'#Turnip-'Manchester Market'
Turnip-'Navat de Nancy a feulle entieres'#Turnip-'Navat de Nancy a feulle entieres'
Turnip-'Oasis'#Turnip-'Oasis'
Turnip-'Snowball'#Turnip-'Snowball'
Turnip-Norfolk Purple Top'#Turnip-'Norfolk Purple Top'
TURNIP/RUTABAGA HYBRID#Turnip/Rutabaga Hybrid
Turnip/Rutabaga hybrid S1#Turnip/Rutabaga Hybrid
Uranus#Uranus
V-O-301#V-O-301
V316OL#V316OL
V8#V8
Valecovska#Valecovska
Vanda#Vanda
Vankka#Vankka
Vega#Vega
Verona#Verona
Victor#Victor
Victor S2#Victor
VICTOR_S3#Victor
VICTOR_TVSL002#VICTOR_TVSL002
Vige#Vige
VIGE DH1#Vige
Viking#Viking
VILLALA ME0101#Villala ME0101
Vinnickij 15/59#Vinnickij 15/59
Vision#Vision
Vivol#Vivol
VOGESA#Vogesa
Vogesa S1#Vogesa
VT-012#VT-012
VT-123#VT-123
Wase Chousen#Wase Chousen
WEIHENSTEPHANER#Weihenstephaner
Wesbell#Wesbell
Wesbrook#Wesbrook
Wesreo#Wesreo
Wesroona#Wesroona
WESTAR DH#Westar
WESTAR DH10#Westar
Wesway#Wesway
WESWAY#Wesway
Wesway S1#Wesway
WILD ACCESSION#Wild Accession
Wilhelmsburger#Wilhelmsburger
WILHELMSBURGER; REFORM#Wilhelmsburger; Reform
WILHELMSBURGER; REFORM S1#Wilhelmsburger; Reform
Willi#Willi
WINFRED#Winfred
Winfred S2#Winfred
Winner#Winner
WO-083#WO-083
Wolynski#Wolynski
Wom38a#Wom38a
Wotan#Wotan
WTC-GLU3#WTC-GLU3
WU-154V#WU-154V
Ww 1286#Ww1286
Ww1273#Ww1273
Ww1289#Ww1289
Xiangyou 15#Xiangyou 15
YORK#York
YS-143#YS-143
YUDAL#Yudal
Yukina- Oriental leaf Green#Yukina- Oriental leaf Green
Zachodni#Zachodni
Zairai Chousenshu#Zairai Chousenshu
ZCT-7065#ZCT-7065
Zenith#Zenith
Zephir#Zephir
Zephyr#Zephyr
Zhongshuang II#Zhongshuang II
Zhouyou#Zhouyou
